                  epoch,         train/box_loss,         train/cls_loss,         train/dfl_loss,   metrics/precision(B),      metrics/recall(B),       metrics/mAP50(B),    metrics/mAP50-95(B),           val/box_loss,           val/cls_loss,           val/dfl_loss,                 lr/pg0,                 lr/pg1,                 lr/pg2
                      1,                 1.3149,                 3.1565,                 1.5578,                0.01317,                0.89881,                0.15501,                0.10061,                0.94875,                 3.2241,                 1.5003,                0.00022,                0.00022,                0.00022
                      2,                 1.2004,                 2.3522,                 1.5098,                0.74868,                0.05817,                0.10824,                 0.0596,                  1.384,                 2.8872,                  1.866,             0.00044777,             0.00044777,             0.00044777
                      3,                 1.1861,                 2.1249,                 1.4826,                0.61857,                0.18917,                0.10113,                0.05425,                 1.6853,                 2.5587,                 2.3367,             0.00067327,             0.00067327,             0.00067327
                      4,                 1.2029,                 2.1094,                 1.5355,                0.76009,                0.13227,                0.10955,                0.05556,                 1.5547,                 2.4909,                 2.1756,             0.00089649,             0.00089649,             0.00089649
                      5,                 1.2516,                 1.9702,                 1.5371,                0.78108,                0.11102,                0.13619,                0.06803,                 1.7337,                 2.6214,                 2.4152,              0.0009802,              0.0009802,              0.0009802
                      6,                 1.2097,                 1.8656,                 1.5049,                0.58578,                0.21043,                0.14069,                0.06277,                  1.514,                 2.2265,                 2.0274,             0.00097525,             0.00097525,             0.00097525
                      7,                 1.2218,                 1.9186,                 1.5426,                0.64592,                0.21171,                0.13022,                0.06108,                 1.5609,                 2.1869,                 2.1725,              0.0009703,              0.0009703,              0.0009703
                      8,                 1.2032,                 1.8683,                 1.5138,                0.61008,                0.27516,                0.13351,                0.07609,                 1.3714,                 2.0473,                 1.9608,             0.00096535,             0.00096535,             0.00096535
                      9,                 1.1626,                 1.7492,                 1.4797,                0.78702,                0.18666,                  0.162,                0.07809,                 1.3909,                 1.9804,                 1.8718,              0.0009604,              0.0009604,              0.0009604
                     10,                 1.1623,                  1.706,                 1.4837,                 0.6547,                0.18134,                0.13582,                0.06828,                 1.4171,                 2.1517,                 1.9718,             0.00095545,             0.00095545,             0.00095545
                     11,                 1.1512,                 1.6642,                 1.4657,                0.78027,                0.16247,                0.16057,                0.07457,                  1.439,                 2.1124,                 1.9584,              0.0009505,              0.0009505,              0.0009505
                     12,                 1.1356,                 1.5977,                 1.4711,                0.80028,                0.15982,                0.15039,                0.09057,                 1.4977,                 2.2801,                 1.9881,             0.00094555,             0.00094555,             0.00094555
                     13,                 1.1355,                 1.6085,                 1.4794,                0.60006,                0.24699,                0.19547,                 0.0813,                 1.3646,                 2.2491,                 1.8656,              0.0009406,              0.0009406,              0.0009406
                     14,                 1.1068,                  1.529,                 1.4036,                0.64242,                0.20344,                0.20278,                0.11459,                 1.4092,                 2.1915,                 1.9334,             0.00093565,             0.00093565,             0.00093565
                     15,                 1.1345,                   1.63,                 1.4814,                 0.6424,                0.24095,                0.22614,                0.11558,                   1.43,                  1.606,                 1.8889,              0.0009307,              0.0009307,              0.0009307
                     16,                 1.1301,                 1.5031,                 1.4489,                0.63142,                0.19813,                0.17494,                0.08286,                 1.5657,                 1.9883,                 1.9602,             0.00092575,             0.00092575,             0.00092575
                     17,                 1.1517,                 1.5165,                 1.4341,                0.78208,                0.16809,                0.20617,                0.08718,                 1.6495,                 1.9447,                 2.0086,              0.0009208,              0.0009208,              0.0009208
                     18,                 1.0769,                 1.4047,                 1.3835,                0.70224,                 0.2804,                0.27855,                0.11925,                 1.5582,                  1.932,                 2.0358,             0.00091585,             0.00091585,             0.00091585
                     19,                 1.0445,                 1.4226,                 1.3967,                0.81284,                0.25823,                 0.2713,                0.14508,                 1.4527,                 1.8469,                 1.9512,              0.0009109,              0.0009109,              0.0009109
                     20,                 1.0804,                 1.3824,                 1.3984,                0.68181,                0.24374,                0.18984,                 0.1078,                 1.2729,                 1.7888,                 1.7968,             0.00090595,             0.00090595,             0.00090595
                     21,                 1.0482,                 1.3915,                 1.4077,                0.78046,                0.25674,                0.31087,                0.16869,                 1.2562,                 1.6529,                 1.7769,               0.000901,               0.000901,               0.000901
                     22,                 1.1083,                 1.4016,                 1.4555,                0.75715,                0.31091,                0.28224,                0.15656,                 1.3665,                  1.575,                 1.8422,             0.00089605,             0.00089605,             0.00089605
                     23,                 1.1003,                 1.4036,                 1.4224,                0.78721,                0.25735,                 0.2169,                0.11605,                 1.5162,                 1.7359,                 2.0049,              0.0008911,              0.0008911,              0.0008911
                     24,                0.99975,                 1.3474,                 1.3813,                0.74819,                0.31764,                 0.2838,                0.17023,                 1.2377,                 1.5259,                 1.7827,             0.00088615,             0.00088615,             0.00088615
                     25,                 1.0149,                 1.2545,                 1.3809,                0.76776,                0.23315,                0.24533,                0.12816,                 1.3671,                 1.7808,                 1.8681,              0.0008812,              0.0008812,              0.0008812
                     26,                 1.0276,                 1.2687,                 1.3906,                0.76872,                0.33655,                  0.276,                0.15818,                 1.3103,                 1.6474,                 1.8007,             0.00087625,             0.00087625,             0.00087625
                     27,                  1.042,                 1.2406,                 1.4021,                0.82213,                0.29411,                0.31394,                0.19543,                 1.2244,                 1.5644,                 1.7199,              0.0008713,              0.0008713,              0.0008713
                     28,                  1.019,                  1.232,                 1.3658,                0.89488,                0.24411,                0.29739,                0.17332,                 1.3257,                  1.518,                 1.8022,             0.00086635,             0.00086635,             0.00086635
                     29,                 1.0638,                 1.2725,                 1.4088,                0.86646,                0.28642,                0.33063,                 0.2136,                  1.339,                  1.706,                 1.7962,              0.0008614,              0.0008614,              0.0008614
                     30,                 0.9999,                 1.2045,                 1.3524,                0.80947,                0.22966,                0.26006,                0.16161,                 1.3439,                 1.6462,                 1.8504,             0.00085645,             0.00085645,             0.00085645
                     31,                0.99511,                 1.2263,                 1.3615,                0.84377,                 0.2464,                0.29262,                0.19861,                 1.2429,                 1.5989,                 1.6746,              0.0008515,              0.0008515,              0.0008515
                     32,                0.99767,                 1.2473,                 1.3487,                0.69421,                 0.2229,                0.26565,                0.18305,                 1.2418,                 1.6353,                 1.7079,             0.00084655,             0.00084655,             0.00084655
                     33,                0.95075,                 1.1364,                 1.3182,                0.65695,                0.33634,                0.31937,                0.19002,                 1.2096,                 1.5572,                 1.6713,              0.0008416,              0.0008416,              0.0008416
                     34,                0.97714,                 1.1803,                 1.3223,                0.66632,                0.32303,                0.35707,                 0.1978,                 1.3355,                    1.5,                 1.8001,             0.00083665,             0.00083665,             0.00083665
                     35,                0.98871,                 1.1258,                 1.3256,                0.84649,                0.38548,                0.34956,                0.18516,                   1.32,                 1.4855,                 1.7677,              0.0008317,              0.0008317,              0.0008317
                     36,                 1.0054,                 1.1605,                 1.3636,                0.80285,                0.24256,                0.26617,                0.15694,                 1.4398,                 1.7075,                 1.8654,             0.00082675,             0.00082675,             0.00082675
                     37,                0.95806,                 1.1087,                 1.3075,                0.70473,                0.32165,                0.22947,                0.12016,                 1.3908,                 1.8536,                  1.868,              0.0008218,              0.0008218,              0.0008218
                     38,                0.96028,                 1.1378,                 1.3182,                0.68272,                0.26326,                0.30025,                0.18281,                 1.2537,                 1.5924,                 1.7526,             0.00081685,             0.00081685,             0.00081685
                     39,                0.96191,                 1.1053,                 1.3181,                0.68795,                0.27174,                0.34559,                0.18693,                  1.249,                 1.4746,                  1.709,              0.0008119,              0.0008119,              0.0008119
                     40,                0.99379,                 1.1248,                 1.3463,                0.60415,                 0.3486,                0.33297,                 0.2039,                 1.2127,                 1.5251,                 1.6944,             0.00080695,             0.00080695,             0.00080695
                     41,                0.94849,                 1.0768,                 1.3115,                0.59865,                0.33403,                0.30218,                0.18253,                 1.2718,                  1.525,                 1.7047,               0.000802,               0.000802,               0.000802
                     42,                0.92369,                 1.0452,                 1.3079,                0.79302,                0.26917,                0.26926,                0.15287,                 1.2434,                 1.5587,                 1.6946,             0.00079705,             0.00079705,             0.00079705
                     43,                0.94361,                 1.0937,                 1.3025,                0.65612,                0.24176,                0.29289,                0.17948,                 1.2695,                 1.4941,                   1.69,              0.0007921,              0.0007921,              0.0007921
                     44,                0.92638,                 1.0117,                 1.2813,                 0.6843,                0.25962,                0.26086,                0.16075,                 1.2341,                 1.5531,                  1.671,             0.00078715,             0.00078715,             0.00078715
                     45,                 0.9401,                 1.0861,                 1.3045,                0.78666,                0.33516,                0.30837,                0.19934,                 1.3409,                  1.486,                 1.7852,              0.0007822,              0.0007822,              0.0007822
                     46,                0.95882,                 1.0513,                 1.3028,                0.68781,                0.30306,                0.36715,                0.22873,                 1.2653,                 1.4188,                 1.7127,             0.00077725,             0.00077725,             0.00077725
                     47,                0.90651,                 1.0442,                 1.2992,                0.67758,                0.27586,                0.29888,                0.18119,                 1.2803,                 1.5017,                 1.7668,              0.0007723,              0.0007723,              0.0007723
                     48,                0.94968,                 1.0808,                 1.3234,                0.79687,                0.30495,                0.31086,                0.19712,                 1.2213,                 1.3795,                 1.6759,             0.00076735,             0.00076735,             0.00076735
                     49,                0.92897,                 1.0309,                  1.287,                0.63471,                0.34128,                0.33281,                0.20408,                 1.2578,                 1.3487,                 1.7072,              0.0007624,              0.0007624,              0.0007624
                     50,                0.92206,                0.99762,                 1.2783,                0.75291,                0.28386,                0.34399,                0.20188,                 1.2407,                 1.3933,                 1.7267,             0.00075745,             0.00075745,             0.00075745
                     51,                0.90044,                0.99743,                 1.2616,                0.78353,                0.34058,                0.37298,                0.26841,                 1.1446,                 1.3099,                 1.6341,              0.0007525,              0.0007525,              0.0007525
                     52,                0.92138,                0.98084,                 1.2821,                0.69545,                0.34454,                0.36423,                0.24714,                 1.1059,                 1.3224,                 1.5985,             0.00074755,             0.00074755,             0.00074755
                     53,                0.85954,                0.96275,                 1.2463,                0.67714,                0.34829,                0.34518,                0.21204,                 1.1899,                 1.4028,                 1.6329,              0.0007426,              0.0007426,              0.0007426
                     54,                0.87531,                0.94588,                 1.2655,                0.73424,                0.24459,                0.31365,                0.21114,                 1.1875,                 1.4506,                 1.6323,             0.00073765,             0.00073765,             0.00073765
                     55,                0.87216,                0.97053,                 1.2551,                0.63434,                0.33526,                0.32153,                0.20716,                 1.2417,                 1.4668,                 1.6857,              0.0007327,              0.0007327,              0.0007327
                     56,                0.85681,                0.95544,                 1.2627,                0.63976,                 0.2445,                0.25224,                0.15306,                 1.2925,                 1.4404,                 1.7527,             0.00072775,             0.00072775,             0.00072775
                     57,                 0.8796,                 0.9348,                 1.2595,                 0.5775,                 0.3411,                0.30847,                0.20246,                 1.2082,                 1.4223,                 1.6416,              0.0007228,              0.0007228,              0.0007228
                     58,                0.90827,                0.95112,                 1.2751,                0.59567,                0.35766,                0.31358,                 0.2217,                 1.1252,                 1.2945,                 1.5974,             0.00071785,             0.00071785,             0.00071785
                     59,                0.88459,                0.94204,                 1.2602,                0.71056,                0.27627,                0.33069,                0.21007,                 1.1734,                 1.3411,                 1.6519,              0.0007129,              0.0007129,              0.0007129
                     60,                0.88727,                0.91417,                 1.2634,                0.72142,                0.30643,                 0.3678,                0.24672,                 1.2198,                 1.3389,                 1.6967,             0.00070795,             0.00070795,             0.00070795
                     61,                0.84047,                0.89203,                 1.2508,                 0.7009,                0.28222,                 0.3408,                0.19852,                 1.2195,                 1.3774,                 1.7046,               0.000703,               0.000703,               0.000703
                     62,                0.84641,                0.89639,                 1.2449,                0.72937,                0.24364,                0.30035,                0.20536,                 1.1448,                 1.4097,                 1.5951,             0.00069805,             0.00069805,             0.00069805
                     63,                0.86455,                0.92376,                 1.2595,                0.71047,                0.29936,                0.33362,                0.21923,                 1.1973,                 1.3005,                 1.6787,              0.0006931,              0.0006931,              0.0006931
                     64,                0.85747,                0.87639,                 1.2342,                0.69382,                 0.3335,                0.34257,                0.21737,                  1.211,                 1.3866,                 1.6925,             0.00068815,             0.00068815,             0.00068815
                     65,                0.89187,                0.93159,                 1.2488,                0.68063,                0.34756,                0.35853,                 0.2396,                 1.1831,                 1.3522,                 1.6378,              0.0006832,              0.0006832,              0.0006832
                     66,                0.85314,                0.88871,                 1.2246,                0.65271,                0.36141,                0.35227,                0.24953,                  1.153,                 1.3232,                 1.6119,             0.00067825,             0.00067825,             0.00067825
                     67,                0.84576,                 0.9221,                 1.2288,                0.67822,                0.32053,                0.32695,                0.22133,                 1.2014,                 1.4367,                 1.6887,              0.0006733,              0.0006733,              0.0006733
                     68,                0.82585,                0.86677,                 1.2425,                0.73073,                0.33026,                0.35968,                0.25405,                 1.1034,                 1.3855,                 1.5881,             0.00066835,             0.00066835,             0.00066835
                     69,                0.84969,                 0.8685,                 1.2273,                0.76743,                0.32181,                0.36228,                0.25791,                 1.2156,                 1.3637,                 1.6618,              0.0006634,              0.0006634,              0.0006634
                     70,                0.84334,                0.89121,                  1.235,                 0.4009,                0.34913,                0.27001,                 0.1795,                  1.218,                  1.531,                 1.6635,             0.00065845,             0.00065845,             0.00065845
                     71,                0.82493,                0.85308,                 1.2294,                0.67665,                0.31877,                 0.3524,                0.22862,                 1.1552,                 1.3714,                 1.6182,              0.0006535,              0.0006535,              0.0006535
                     72,                0.84999,                0.87316,                 1.2327,                0.69502,                0.29418,                0.32107,                0.20463,                 1.1903,                 1.3184,                 1.6636,             0.00064855,             0.00064855,             0.00064855
                     73,                0.85765,                0.87013,                 1.2241,                0.75579,                0.31301,                 0.3593,                0.20755,                 1.1651,                 1.2978,                 1.6575,              0.0006436,              0.0006436,              0.0006436
                     74,                   0.88,                0.91405,                 1.2614,                0.73694,                0.34178,                0.40697,                0.28628,                 1.1865,                 1.2027,                 1.6879,             0.00063865,             0.00063865,             0.00063865
                     75,                0.83634,                0.88542,                 1.2163,                0.68811,                0.32766,                0.34444,                0.22266,                 1.2161,                 1.3304,                 1.6664,              0.0006337,              0.0006337,              0.0006337
                     76,                0.80692,                0.84465,                 1.1954,                0.72798,                0.32017,                0.36397,                0.25052,                  1.137,                 1.3042,                 1.6262,             0.00062875,             0.00062875,             0.00062875
                     77,                0.81007,                 0.8453,                  1.218,                0.70563,                0.32233,                 0.3923,                0.26804,                 1.1415,                  1.294,                 1.6368,              0.0006238,              0.0006238,              0.0006238
                     78,                 0.8264,                0.83315,                 1.2281,                0.68146,                0.35797,                0.38073,                0.23127,                 1.2115,                 1.2173,                 1.6931,             0.00061885,             0.00061885,             0.00061885
                     79,                0.77791,                0.82238,                 1.1909,                0.69517,                0.34048,                0.36169,                0.24423,                 1.2376,                 1.3429,                 1.7307,              0.0006139,              0.0006139,              0.0006139
                     80,                0.81399,                0.86238,                 1.2329,                0.73102,                0.35302,                0.38452,                0.29066,                 1.1441,                 1.2734,                 1.6121,             0.00060895,             0.00060895,             0.00060895
                     81,                0.81554,                0.84358,                 1.2347,                0.72599,                0.34374,                0.38145,                0.28186,                 1.1454,                 1.2032,                  1.619,               0.000604,               0.000604,               0.000604
                     82,                0.77321,                0.77524,                 1.1899,                0.71589,                0.34105,                0.36393,                0.24877,                 1.1526,                 1.2441,                 1.6209,             0.00059905,             0.00059905,             0.00059905
                     83,                0.82183,                  0.847,                  1.218,                0.41217,                0.33016,                0.30751,                0.19385,                 1.1673,                 1.3865,                 1.6426,              0.0005941,              0.0005941,              0.0005941
                     84,                0.77485,                0.79951,                  1.204,                0.73419,                0.31734,                0.36127,                0.25128,                 1.0688,                 1.2432,                  1.547,             0.00058915,             0.00058915,             0.00058915
                     85,                0.75362,                0.75696,                 1.1667,                0.74668,                0.34899,                0.38404,                0.26315,                 1.1238,                 1.1801,                 1.5786,              0.0005842,              0.0005842,              0.0005842
                     86,                0.81384,                0.80799,                 1.2173,                0.70137,                 0.3037,                0.34283,                0.23888,                 1.1519,                  1.269,                 1.6033,             0.00057925,             0.00057925,             0.00057925
                     87,                0.78935,                0.78126,                 1.1873,                0.70802,                0.33061,                0.37108,                0.24565,                 1.1799,                 1.2958,                  1.614,              0.0005743,              0.0005743,              0.0005743
                     88,                0.79457,                0.78019,                 1.2111,                0.68778,                0.36184,                0.36926,                0.25334,                 1.1645,                 1.2266,                 1.6121,             0.00056935,             0.00056935,             0.00056935
                     89,                 0.7357,                0.73535,                 1.1806,                0.64442,                 0.3428,                0.35219,                0.23389,                 1.2073,                 1.2821,                 1.6518,              0.0005644,              0.0005644,              0.0005644
                     90,                 0.7454,                0.75593,                 1.1883,                0.67335,                 0.3071,                0.35054,                0.24282,                  1.096,                 1.1905,                 1.5546,             0.00055945,             0.00055945,             0.00055945
                     91,                0.74918,                  0.721,                 1.1815,                0.65999,                0.34892,                 0.3673,                0.26275,                 1.0908,                 1.2245,                 1.5615,              0.0005545,              0.0005545,              0.0005545
                     92,                0.78107,                0.76647,                 1.1981,                0.74483,                0.34093,                0.39188,                0.27428,                  1.136,                 1.2151,                  1.595,             0.00054955,             0.00054955,             0.00054955
                     93,                 0.7765,                0.74035,                 1.1953,                0.52377,                0.35871,                0.39843,                0.28924,                 1.0939,                 1.1363,                 1.5776,              0.0005446,              0.0005446,              0.0005446
                     94,                0.78183,                0.77377,                 1.1982,                0.53609,                0.38186,                 0.4052,                 0.2758,                  1.135,                 1.1788,                 1.6128,             0.00053965,             0.00053965,             0.00053965
                     95,                0.79216,                0.75212,                 1.1915,                0.73916,                0.37298,                0.40624,                0.27952,                 1.1982,                 1.1735,                 1.6639,              0.0005347,              0.0005347,              0.0005347
                     96,                0.75846,                  0.748,                  1.159,                0.69473,                0.37021,                0.39399,                0.27226,                 1.1731,                 1.2215,                 1.6641,             0.00052975,             0.00052975,             0.00052975
                     97,                0.75756,                0.72742,                 1.1598,                0.66923,                0.33396,                0.37492,                 0.2666,                 1.2231,                 1.3288,                 1.7099,              0.0005248,              0.0005248,              0.0005248
                     98,                0.73489,                0.70728,                 1.1711,                0.73126,                0.31968,                0.39816,                0.27477,                 1.2103,                 1.2285,                 1.6688,             0.00051985,             0.00051985,             0.00051985
                     99,                0.73538,                0.72847,                 1.1721,                0.46531,                0.33894,                0.35292,                0.22996,                 1.2088,                 1.3616,                 1.6882,              0.0005149,              0.0005149,              0.0005149
                    100,                0.76141,                0.76311,                 1.1784,                0.71642,                0.24667,                0.33964,                0.23858,                 1.1579,                 1.4189,                 1.6009,             0.00050995,             0.00050995,             0.00050995
                    101,                 0.7897,                0.77786,                 1.2022,                0.64363,                0.36281,                 0.3779,                0.25316,                 1.1202,                 1.2392,                 1.5563,               0.000505,               0.000505,               0.000505
                    102,                0.72431,                0.71382,                 1.1353,                0.77116,                0.30677,                0.39943,                0.27344,                 1.1014,                 1.1849,                 1.5438,             0.00050005,             0.00050005,             0.00050005
                    103,                0.71356,                0.68077,                 1.1477,                0.52491,                0.31221,                0.39137,                0.26022,                 1.1357,                 1.2078,                 1.5963,              0.0004951,              0.0004951,              0.0004951
                    104,                0.75259,                0.72857,                 1.1715,                0.70094,                0.34884,                0.38511,                0.26621,                  1.158,                 1.1943,                 1.6202,             0.00049015,             0.00049015,             0.00049015
                    105,                0.71815,                0.74399,                 1.1592,                 0.9036,                  0.326,                0.38251,                0.27625,                 1.0875,                 1.1921,                 1.5782,              0.0004852,              0.0004852,              0.0004852
                    106,                 0.7409,                0.69136,                 1.1605,                0.70374,                0.37782,                0.38735,                0.28154,                 1.0667,                 1.1792,                 1.5519,             0.00048025,             0.00048025,             0.00048025
                    107,                0.73903,                 0.7196,                 1.1601,                0.90844,                0.33428,                0.39426,                0.27518,                 1.0623,                 1.1438,                 1.5378,              0.0004753,              0.0004753,              0.0004753
                    108,                0.73498,                0.69892,                  1.151,                0.73501,                0.33199,                 0.4002,                0.28051,                 1.0425,                 1.1512,                 1.5345,             0.00047035,             0.00047035,             0.00047035
                    109,                 0.7715,                0.71478,                 1.1758,                0.54319,                 0.3665,                0.39924,                0.26589,                 1.0859,                 1.1418,                 1.5718,              0.0004654,              0.0004654,              0.0004654
                    110,                0.73335,                0.71743,                 1.1516,                 0.5574,                0.35755,                0.40243,                0.25811,                 1.1766,                 1.1832,                 1.6792,             0.00046045,             0.00046045,             0.00046045
                    111,                0.72064,                0.71254,                 1.1598,                0.54915,                0.36563,                 0.3978,                0.26868,                 1.0825,                 1.1335,                  1.538,              0.0004555,              0.0004555,              0.0004555
                    112,                0.70728,                0.67916,                 1.1264,                0.56518,                0.36538,                0.39615,                0.28352,                 1.0671,                 1.1416,                 1.5261,             0.00045055,             0.00045055,             0.00045055
                    113,                0.70585,                0.66594,                 1.1482,                0.59329,                0.34111,                0.38717,                0.27806,                 1.0446,                 1.1981,                 1.5098,              0.0004456,              0.0004456,              0.0004456
                    114,                0.73496,                0.68789,                 1.1562,                0.69126,                0.35796,                0.38082,                0.28491,                 1.0855,                 1.2347,                  1.547,             0.00044065,             0.00044065,             0.00044065
                    115,                 0.7245,                0.71204,                 1.1625,                0.69258,                0.34691,                0.35294,                0.26057,                 1.1427,                 1.2898,                 1.6158,              0.0004357,              0.0004357,              0.0004357
                    116,                0.69852,                0.65612,                 1.1553,                0.84902,                0.33536,                0.33839,                0.24485,                 1.1296,                 1.2854,                 1.5829,             0.00043075,             0.00043075,             0.00043075
                    117,                0.72678,                0.69361,                 1.1685,                0.77205,                0.28188,                0.39136,                0.28309,                 1.1704,                 1.1668,                 1.6248,              0.0004258,              0.0004258,              0.0004258
                    118,                0.69156,                0.65853,                 1.1315,                0.91248,                0.30134,                0.37905,                0.27966,                 1.1097,                 1.2061,                 1.5858,             0.00042085,             0.00042085,             0.00042085
                    119,                0.70735,                0.69893,                 1.1615,                0.74505,                0.36075,                0.40133,                0.28626,                 1.1094,                 1.1989,                 1.5875,              0.0004159,              0.0004159,              0.0004159
                    120,                0.70424,                0.65893,                 1.1479,                0.58276,                0.33964,                0.40949,                0.29909,                 1.0718,                 1.1324,                 1.5676,             0.00041095,             0.00041095,             0.00041095
                    121,                0.67834,                 0.6369,                 1.1184,                0.52734,                 0.3393,                0.38472,                 0.2829,                 1.0718,                  1.199,                 1.5376,               0.000406,               0.000406,               0.000406
                    122,                0.69265,                0.65687,                 1.1464,                0.55402,                0.31912,                0.38212,                0.28447,                 1.0622,                 1.1928,                 1.5482,             0.00040105,             0.00040105,             0.00040105
                    123,                0.70286,                0.64983,                 1.1365,                0.56069,                0.33136,                0.40119,                0.30631,                 1.0827,                 1.1517,                 1.5753,              0.0003961,              0.0003961,              0.0003961
                    124,                0.67054,                0.66225,                 1.1295,                0.51451,                0.32223,                0.38253,                0.27685,                 1.0609,                  1.292,                  1.525,             0.00039115,             0.00039115,             0.00039115
                    125,                0.67372,                0.63757,                 1.1216,                0.70234,                0.35053,                0.38826,                0.28354,                 1.0724,                 1.2683,                 1.5243,              0.0003862,              0.0003862,              0.0003862
                    126,                0.68739,                0.65277,                 1.1253,                0.54727,                0.34808,                0.39241,                0.27409,                 1.1017,                 1.2251,                  1.557,             0.00038125,             0.00038125,             0.00038125
                    127,                0.71015,                0.64999,                 1.1358,                 0.5264,                0.37242,                0.40017,                0.27864,                 1.0804,                 1.1501,                 1.5352,              0.0003763,              0.0003763,              0.0003763
                    128,                0.71713,                0.66104,                 1.1542,                0.51281,                0.37099,                0.38802,                0.26299,                 1.0808,                 1.1491,                 1.5394,             0.00037135,             0.00037135,             0.00037135
                    129,                0.67489,                0.63035,                   1.11,                0.53056,                0.32979,                 0.3753,                0.25581,                 1.0886,                 1.2223,                 1.5722,              0.0003664,              0.0003664,              0.0003664
                    130,                0.68624,                0.64738,                 1.1553,                 0.7301,                0.32458,                 0.3867,                0.26507,                 1.1153,                 1.2125,                  1.617,             0.00036145,             0.00036145,             0.00036145
                    131,                0.63058,                0.59688,                 1.0914,                0.54427,                0.35463,                 0.3862,                 0.2748,                 1.0745,                 1.1852,                 1.5699,              0.0003565,              0.0003565,              0.0003565
                    132,                0.64919,                0.60609,                  1.102,                0.57367,                0.32655,                0.38149,                0.27292,                  1.101,                 1.2054,                 1.6032,             0.00035155,             0.00035155,             0.00035155
                    133,                0.65407,                0.61609,                  1.118,                 0.5757,                0.35368,                0.39046,                0.27771,                 1.0755,                 1.1582,                   1.57,              0.0003466,              0.0003466,              0.0003466
                    134,                0.67189,                 0.6331,                 1.1167,                0.56929,                0.33164,                0.38036,                0.29088,                 1.0485,                 1.1865,                 1.5061,             0.00034165,             0.00034165,             0.00034165
                    135,                0.66736,                0.59942,                 1.1217,                0.58452,                0.33836,                0.38517,                0.29318,                  1.088,                 1.2646,                 1.5417,              0.0003367,              0.0003367,              0.0003367
                    136,                0.64229,                0.59324,                  1.094,                0.59129,                0.34702,                0.38811,                0.28193,                 1.1105,                 1.2753,                 1.5602,             0.00033175,             0.00033175,             0.00033175
                    137,                0.64686,                0.60536,                 1.1168,                 0.6161,                0.34871,                0.39017,                0.29004,                 1.0628,                 1.1557,                 1.5157,              0.0003268,              0.0003268,              0.0003268
                    138,                0.67889,                0.60964,                 1.1269,                0.56964,                0.33178,                0.39699,                0.29354,                 1.0741,                 1.1669,                 1.5525,             0.00032185,             0.00032185,             0.00032185
                    139,                0.66558,                0.59499,                 1.1121,                0.53769,                0.41057,                0.40265,                0.27369,                 1.0509,                 1.1311,                 1.5151,              0.0003169,              0.0003169,              0.0003169
                    140,                0.64253,                0.57336,                 1.1011,                0.52851,                0.43033,                0.41556,                 0.2813,                 1.0752,                 1.0746,                 1.5557,             0.00031195,             0.00031195,             0.00031195
                    141,                0.66593,                0.61066,                 1.1372,                0.56808,                0.38007,                0.41779,                0.28338,                 1.1063,                 1.1339,                 1.5863,               0.000307,               0.000307,               0.000307
                    142,                0.64583,                0.59764,                  1.108,                0.54118,                0.33773,                 0.3975,                0.29387,                  1.062,                 1.1586,                  1.534,             0.00030205,             0.00030205,             0.00030205
                    143,                0.61949,                0.56225,                 1.1013,                0.61598,                 0.3234,                0.41414,                0.30943,                  1.042,                 1.0583,                 1.5115,              0.0002971,              0.0002971,              0.0002971
                    144,                0.61377,                0.56913,                 1.0959,                0.58422,                0.37523,                0.41512,                0.30417,                 1.0299,                 1.0292,                 1.4968,             0.00029215,             0.00029215,             0.00029215
                    145,                0.62207,                0.60135,                 1.1016,                0.58429,                0.36526,                0.41645,                 0.3056,                 1.0404,                  1.047,                 1.5263,              0.0002872,              0.0002872,              0.0002872
                    146,                0.62456,                0.59627,                 1.1025,                0.55765,                0.36141,                0.40631,                0.29188,                 1.0855,                 1.1111,                 1.5676,             0.00028225,             0.00028225,             0.00028225
                    147,                 0.6598,                 0.5957,                 1.1186,                0.67632,                 0.3544,                0.38728,                0.26976,                 1.0697,                 1.1759,                 1.5547,              0.0002773,              0.0002773,              0.0002773
                    148,                0.64546,                0.58816,                 1.1224,                0.53296,                0.38833,                0.41381,                0.27743,                 1.0882,                 1.0853,                 1.5725,             0.00027235,             0.00027235,             0.00027235
                    149,                0.61751,                  0.564,                 1.0831,                0.74769,                0.36985,                0.42901,                0.29717,                 1.0643,                 1.0718,                 1.5443,              0.0002674,              0.0002674,              0.0002674
                    150,                0.65558,                0.58319,                 1.0994,                0.59156,                0.33697,                0.41668,                0.29027,                 1.0392,                 1.0876,                 1.5245,             0.00026245,             0.00026245,             0.00026245
                    151,                0.60365,                0.55988,                 1.0838,                0.57367,                0.32271,                0.40545,                0.28696,                 1.0857,                 1.1099,                  1.562,              0.0002575,              0.0002575,              0.0002575
                    152,                0.63117,                0.59687,                 1.0809,                0.59041,                0.32679,                0.40444,                0.28187,                  1.063,                  1.092,                 1.5199,             0.00025255,             0.00025255,             0.00025255
                    153,                0.62055,                0.56793,                  1.104,                0.56513,                0.31966,                0.39479,                0.27526,                 1.1236,                 1.1025,                  1.595,              0.0002476,              0.0002476,              0.0002476
                    154,                0.61286,                0.55799,                  1.101,                0.35377,                0.38064,                0.40008,                0.27838,                 1.1005,                 1.0732,                 1.5703,             0.00024265,             0.00024265,             0.00024265
                    155,                0.60758,                0.55802,                  1.094,                0.58862,                0.32891,                0.40905,                0.29101,                 1.0632,                 1.0583,                 1.5323,              0.0002377,              0.0002377,              0.0002377
                    156,                0.60901,                0.57412,                 1.0906,                 0.3589,                0.37855,                0.40776,                0.29257,                 1.0469,                 1.0779,                 1.5333,             0.00023275,             0.00023275,             0.00023275
                    157,                0.62362,                0.56843,                 1.1039,                0.37102,                0.34878,                0.40383,                0.28637,                 1.0625,                 1.1153,                 1.5561,              0.0002278,              0.0002278,              0.0002278
                    158,                0.63534,                 0.5931,                 1.1027,                0.74075,                0.31448,                0.38963,                0.26014,                 1.0871,                 1.1608,                 1.5756,             0.00022285,             0.00022285,             0.00022285
                    159,                0.61902,                0.57388,                  1.083,                  0.739,                0.32268,                0.37984,                0.25848,                 1.0706,                 1.1513,                 1.5662,              0.0002179,              0.0002179,              0.0002179
                    160,                0.61035,                0.56911,                 1.0785,                0.59034,                0.34238,                0.40133,                0.26982,                 1.0743,                  1.117,                 1.5601,             0.00021295,             0.00021295,             0.00021295
                    161,                0.60723,                0.55499,                 1.0863,                0.54724,                0.35126,                0.41222,                0.28755,                 1.0825,                 1.0993,                 1.5637,               0.000208,               0.000208,               0.000208
                    162,                0.62175,                0.57488,                 1.0914,                0.50484,                0.38505,                0.41009,                0.28938,                 1.0887,                 1.1164,                 1.5721,             0.00020305,             0.00020305,             0.00020305
                    163,                0.61376,                0.54017,                 1.0713,                 0.5145,                0.38134,                0.39367,                0.28508,                  1.058,                 1.1568,                 1.5338,              0.0001981,              0.0001981,              0.0001981
                    164,                0.59921,                0.54874,                 1.0934,                0.55677,                0.31602,                0.38994,                0.28229,                 1.0751,                 1.1728,                 1.5516,             0.00019315,             0.00019315,             0.00019315
                    165,                0.57589,                0.53632,                 1.0698,                0.56083,                 0.3292,                0.38509,                0.28317,                 1.0837,                 1.1769,                 1.5616,              0.0001882,              0.0001882,              0.0001882
                    166,                0.59456,                0.55143,                 1.0883,                0.60244,                0.29767,                0.39817,                0.28345,                 1.0938,                 1.1564,                 1.5712,             0.00018325,             0.00018325,             0.00018325
                    167,                0.60433,                0.55539,                 1.0874,                0.51134,                0.38749,                0.40168,                0.28844,                 1.0603,                  1.126,                 1.5412,              0.0001783,              0.0001783,              0.0001783
                    168,                0.58598,                0.54011,                 1.0813,                0.54325,                0.35582,                0.40525,                  0.293,                  1.071,                 1.1054,                 1.5495,             0.00017335,             0.00017335,             0.00017335
                    169,                0.58742,                0.53155,                 1.0806,                0.59034,                0.32382,                0.40015,                0.27771,                 1.0685,                 1.1092,                 1.5439,              0.0001684,              0.0001684,              0.0001684
                    170,                0.62251,                0.54447,                 1.1062,                0.75116,                0.33541,                0.40145,                0.28387,                 1.0543,                 1.0921,                 1.5375,             0.00016345,             0.00016345,             0.00016345
                    171,                0.59131,                0.53665,                 1.0666,                0.73156,                0.33697,                0.40632,                0.29528,                 1.0683,                  1.068,                  1.552,              0.0001585,              0.0001585,              0.0001585
                    172,                 0.5717,                0.51119,                  1.069,                0.55436,                 0.3479,                0.40886,                0.29398,                 1.0575,                   1.09,                 1.5273,             0.00015355,             0.00015355,             0.00015355
                    173,                 0.5919,                 0.5403,                   1.08,                0.57938,                0.31789,                0.40369,                0.29607,                 1.0429,                 1.0889,                 1.5136,              0.0001486,              0.0001486,              0.0001486
                    174,                0.55844,                0.50857,                 1.0556,                0.53957,                0.35659,                0.40183,                0.30334,                 1.0245,                 1.1084,                 1.5019,             0.00014365,             0.00014365,             0.00014365
                    175,                 0.5692,                 0.5022,                 1.0618,                0.67755,                0.36448,                0.39167,                0.28293,                 1.0526,                 1.1346,                 1.5344,              0.0001387,              0.0001387,              0.0001387
                    176,                0.59867,                0.51294,                 1.0882,                0.66617,                 0.3547,                0.38352,                0.26658,                 1.0975,                 1.1922,                 1.5834,             0.00013375,             0.00013375,             0.00013375
                    177,                0.58665,                0.55315,                 1.0684,                0.67542,                0.34518,                0.38373,                0.27002,                 1.0817,                 1.1633,                 1.5792,              0.0001288,              0.0001288,              0.0001288
                    178,                0.57815,                0.53535,                 1.0781,                0.52592,                0.33051,                0.38416,                0.27291,                  1.053,                 1.1227,                 1.5506,             0.00012385,             0.00012385,             0.00012385
                    179,                0.58392,                0.52738,                 1.0714,                0.55191,                0.30306,                 0.3762,                0.27674,                 1.0406,                   1.11,                 1.5404,              0.0001189,              0.0001189,              0.0001189
                    180,                0.57574,                0.52449,                 1.0639,                0.56239,                0.29548,                0.37687,                  0.276,                 1.0381,                 1.1223,                 1.5322,             0.00011395,             0.00011395,             0.00011395
                    181,                0.57753,                0.52661,                 1.0491,                0.54685,                0.31278,                0.37679,                0.27659,                 1.0305,                 1.1211,                 1.5211,               0.000109,               0.000109,               0.000109
                    182,                0.56947,                0.51072,                 1.0686,                0.57538,                0.30107,                0.39048,                0.28585,                 1.0355,                 1.0946,                 1.5261,             0.00010405,             0.00010405,             0.00010405
                    183,                0.55055,                0.50538,                 1.0434,                0.49706,                0.36141,                 0.3938,                0.29037,                 1.0522,                 1.0917,                 1.5473,               9.91e-05,               9.91e-05,               9.91e-05
                    184,                0.56502,                 0.5115,                 1.0668,                0.54093,                0.34314,                0.39515,                0.28474,                 1.0634,                 1.1253,                 1.5545,              9.415e-05,              9.415e-05,              9.415e-05
                    185,                0.57355,                0.50383,                 1.0696,                0.54516,                0.33911,                0.39374,                0.28129,                 1.0554,                 1.1469,                 1.5564,               8.92e-05,               8.92e-05,               8.92e-05
                    186,                0.57599,                0.52849,                 1.0754,                0.67789,                0.36205,                0.40046,                0.29109,                 1.0305,                 1.1255,                 1.5398,              8.425e-05,              8.425e-05,              8.425e-05
                    187,                0.55794,                0.50457,                 1.0696,                0.49727,                0.36668,                0.39708,                0.29171,                 1.0243,                 1.1267,                 1.5177,               7.93e-05,               7.93e-05,               7.93e-05
                    188,                0.54747,                0.48034,                 1.0522,                0.49228,                0.36753,                0.39558,                0.28759,                 1.0408,                 1.1176,                 1.5249,              7.435e-05,              7.435e-05,              7.435e-05
                    189,                0.54659,                0.48678,                 1.0584,                0.48692,                 0.3768,                0.39816,                0.28991,                 1.0241,                 1.1058,                 1.5113,               6.94e-05,               6.94e-05,               6.94e-05
                    190,                0.56996,                0.48591,                 1.0626,                0.49963,                0.38405,                0.40175,                0.29211,                 1.0249,                  1.121,                 1.5092,              6.445e-05,              6.445e-05,              6.445e-05
                    191,                0.40815,                0.37853,                0.99747,                0.53805,                0.35659,                0.39931,                0.29266,                 1.0277,                 1.0974,                 1.5099,               5.95e-05,               5.95e-05,               5.95e-05
                    192,                0.41438,                 0.3764,                0.99284,                0.69565,                0.37423,                 0.4006,                0.29312,                 1.0418,                 1.0922,                 1.5274,              5.455e-05,              5.455e-05,              5.455e-05
                    193,                0.40668,                0.35428,                0.98432,                0.68385,                0.36899,                0.39768,                0.28936,                 1.0417,                 1.1048,                 1.5263,               4.96e-05,               4.96e-05,               4.96e-05
                    194,                0.39003,                0.33104,                0.96826,                 0.6953,                0.34368,                0.39686,                0.28965,                 1.0324,                  1.104,                 1.5225,              4.465e-05,              4.465e-05,              4.465e-05
                    195,                0.38677,                0.33929,                0.98001,                0.73633,                0.31667,                0.39759,                0.29381,                  1.021,                 1.0805,                 1.5143,               3.97e-05,               3.97e-05,               3.97e-05
                    196,                0.37569,                0.32556,                0.94721,                0.73055,                0.33249,                0.40097,                0.29786,                 1.0051,                 1.0715,                 1.5039,              3.475e-05,              3.475e-05,              3.475e-05
                    197,                0.37046,                0.31195,                0.95344,                0.73714,                0.32353,                0.39924,                0.29717,                0.99948,                 1.0707,                 1.5016,               2.98e-05,               2.98e-05,               2.98e-05
                    198,                0.37512,                0.32302,                0.95968,                0.75991,                0.30806,                0.39799,                0.29816,                0.99992,                 1.0744,                  1.498,              2.485e-05,              2.485e-05,              2.485e-05
                    199,                0.37866,                 0.3193,                  0.978,                0.71474,                0.32934,                0.39859,                0.29831,                 1.0068,                 1.0711,                 1.5072,               1.99e-05,               1.99e-05,               1.99e-05
                    200,                0.36263,                0.32185,                0.94945,                0.72064,                0.32975,                0.39821,                 0.2974,                 1.0023,                 1.0823,                  1.507,              1.495e-05,              1.495e-05,              1.495e-05
